<?xml version="1.0" encoding="UTF-8" standalone="yes"?>
<addon id="plugin.video.suve" name="SuVe Display" version="1.1.2" provider-name="Sunan">
  <requires>
    <import addon="xbmc.python" version="2.1.0"/>
  </requires>
  <extension point="xbmc.python.pluginsource" library="default.py">
        <provides>video</provides>
  </extension>
  <extension point="xbmc.addon.metadata">
    <summary lang="en">SuVe Display - Developed to load stream.</summary>
    <description lang="en">SuVe Display - Load traffic, television, radio, etc.</description>
    <platform>all</platform>
    <assets>
        <icon>icon.png</icon>
        <fanart>fanart.jpg</fanart>
    </assets>
  </extension>
</addon>
